{
    "world": "funny",
    "maxPersons": 1,
    "borderSize": 200,
    "spawns": [
      "-62,67,-20,-89.95562,-1.3689224",
      "-62,67,20,-89.88629,3.3407702"
    ]
}